{
  "metadata": {
    "timestamp": "2026-02-06T08:35:38.629187+00:00",
    "template_3dm": "data/geometrie_2.3dm",
    "output_3dm": "data/geometrie_2_prd_aligned_20260206_003534.3dm",
    "software_version": "0.1.0"
  },
  "statistics": {
    "total_objects": 5825,
    "updated_objects": 5824,
    "updated_vertices": 20994,
    "skipped_not_in_db": 1,
    "skipped_unsupported_geometry": 0,
    "vertex_count_mismatches": 0
  },
  "brep_edge_desync": {
    "breps_with_residual": 2381,
    "max_residual_mm": 69.83450928415174,
    "mean_residual_mm": 12.106354826867276,
    "details": [
      "Coque_1534: max_residual=0.016086m",
      "Coque_1536: max_residual=0.015000m",
      "Coque_1537: max_residual=0.002487m",
      "Coque_1540: max_residual=0.020887m",
      "Coque_1542: max_residual=0.001272m",
      "Coque_1545: max_residual=0.002500m",
      "Coque_1547: max_residual=0.009700m",
      "Coque_1548: max_residual=0.021542m",
      "Coque_1549: max_residual=0.010000m",
      "Coque_1553: max_residual=0.002496m",
      "Coque_1554: max_residual=0.006019m",
      "Coque_1555: max_residual=0.005000m",
      "Coque_1561: max_residual=0.017202m",
      "Coque_1562: max_residual=0.002500m",
      "Coque_1563: max_residual=0.015404m",
      "Coque_1564: max_residual=0.010001m",
      "Coque_1567: max_residual=0.001227m",
      "Coque_1568: max_residual=0.009997m",
      "Coque_1569: max_residual=0.002500m",
      "Coque_1571: max_residual=0.020000m",
      "Coque_1573: max_residual=0.021338m",
      "Coque_1575: max_residual=0.002500m",
      "Coque_1576: max_residual=0.007513m",
      "Coque_1578: max_residual=0.020025m",
      "Coque_1579: max_residual=0.026766m",
      "Coque_1580: max_residual=0.004982m",
      "Coque_1581: max_residual=0.017500m",
      "Coque_1582: max_residual=0.017500m",
      "Coque_1584: max_residual=0.055376m",
      "Coque_1585: max_residual=0.013231m",
      "Coque_1586: max_residual=0.002763m",
      "Coque_1587: max_residual=0.017500m",
      "Coque_1588: max_residual=0.002500m",
      "Coque_1589: max_residual=0.030136m",
      "Coque_1590: max_residual=0.001885m",
      "Coque_1592: max_residual=0.050756m",
      "Coque_1597: max_residual=0.015000m",
      "Coque_1598: max_residual=0.017500m",
      "Coque_1599: max_residual=0.004386m",
      "Coque_1602: max_residual=0.002495m",
      "Coque_1604: max_residual=0.014501m",
      "Coque_1606: max_residual=0.005024m",
      "Coque_1608: max_residual=0.010000m",
      "Coque_1610: max_residual=0.014501m",
      "Coque_1614: max_residual=0.001904m",
      "Coque_1615: max_residual=0.005024m",
      "Coque_1617: max_residual=0.015476m",
      "Coque_1618: max_residual=0.015476m",
      "Coque_1620: max_residual=0.005000m",
      "Coque_1621: max_residual=0.002495m"
    ]
  },
  "warnings": [],
  "skipped_objects": [
    "Filaire_7415"
  ],
  "mismatched_objects": []
}