{
  "metadata": {
    "timestamp": "2026-02-06T15:15:29.694659+00:00",
    "template_3dm": "data/geometrie_2.3dm",
    "output_3dm": "data/geometrie_2_prd_aligned_20260206_071524.3dm",
    "software_version": "0.1.0"
  },
  "statistics": {
    "total_objects": 5825,
    "updated_objects": 5824,
    "updated_vertices": 20994,
    "skipped_not_in_db": 1,
    "skipped_unsupported_geometry": 0,
    "vertex_count_mismatches": 0
  },
  "brep_edge_desync": {
    "breps_with_residual": 2529,
    "max_residual_mm": 172.82306751726037,
    "mean_residual_mm": 25.087173591877363,
    "details": [
      "Coque_1534: max_residual=0.018867m",
      "Coque_1536: max_residual=0.010000m",
      "Coque_1537: max_residual=0.042513m",
      "Coque_1538: max_residual=0.009987m",
      "Coque_1539: max_residual=0.009988m",
      "Coque_1540: max_residual=0.042022m",
      "Coque_1542: max_residual=0.003727m",
      "Coque_1544: max_residual=0.010000m",
      "Coque_1545: max_residual=0.002500m",
      "Coque_1547: max_residual=0.055300m",
      "Coque_1548: max_residual=0.003458m",
      "Coque_1549: max_residual=0.055000m",
      "Coque_1550: max_residual=0.015000m",
      "Coque_1551: max_residual=0.015000m",
      "Coque_1553: max_residual=0.017504m",
      "Coque_1554: max_residual=0.006019m",
      "Coque_1557: max_residual=0.050000m",
      "Coque_1561: max_residual=0.002202m",
      "Coque_1562: max_residual=0.002500m",
      "Coque_1563: max_residual=0.059596m",
      "Coque_1564: max_residual=0.035001m",
      "Coque_1566: max_residual=0.045000m",
      "Coque_1567: max_residual=0.016227m",
      "Coque_1569: max_residual=0.007500m",
      "Coque_1570: max_residual=0.010000m",
      "Coque_1571: max_residual=0.015000m",
      "Coque_1573: max_residual=0.089938m",
      "Coque_1575: max_residual=0.012500m",
      "Coque_1576: max_residual=0.002513m",
      "Coque_1577: max_residual=0.054996m",
      "Coque_1578: max_residual=0.049975m",
      "Coque_1579: max_residual=0.005881m",
      "Coque_1580: max_residual=0.014982m",
      "Coque_1581: max_residual=0.042501m",
      "Coque_1582: max_residual=0.002500m",
      "Coque_1584: max_residual=0.140536m",
      "Coque_1585: max_residual=0.028231m",
      "Coque_1586: max_residual=0.002237m",
      "Coque_1587: max_residual=0.062500m",
      "Coque_1588: max_residual=0.007500m",
      "Coque_1589: max_residual=0.082948m",
      "Coque_1590: max_residual=0.001885m",
      "Coque_1592: max_residual=0.065623m",
      "Coque_1598: max_residual=0.067500m",
      "Coque_1602: max_residual=0.007495m",
      "Coque_1604: max_residual=0.025499m",
      "Coque_1606: max_residual=0.005024m",
      "Coque_1607: max_residual=0.010000m",
      "Coque_1608: max_residual=0.005000m",
      "Coque_1610: max_residual=0.025499m"
    ]
  },
  "warnings": [],
  "skipped_objects": [
    "Filaire_7415"
  ],
  "mismatched_objects": []
}