{
  "metadata": {
    "timestamp": "2026-02-06T20:25:34.422204+00:00",
    "template_3dm": "data/input/before.3dm",
    "output_3dm": "output/before_test_alpha005/aligned.3dm",
    "software_version": "0.1.0"
  },
  "statistics": {
    "total_objects": 2527,
    "updated_objects": 2527,
    "updated_vertices": 10348,
    "skipped_not_in_db": 0,
    "skipped_unsupported_geometry": 0,
    "vertex_count_mismatches": 0
  },
  "brep_edge_desync": {
    "breps_with_residual": 1327,
    "max_residual_mm": 62.45980887539745,
    "mean_residual_mm": 12.788565142224911,
    "details": [
      "Coque_1534: max_residual=0.026070m",
      "Coque_1540: max_residual=0.020887m",
      "Coque_1547: max_residual=0.010300m",
      "Coque_1548: max_residual=0.001543m",
      "Coque_1549: max_residual=0.010000m",
      "Coque_1553: max_residual=0.002496m",
      "Coque_1554: max_residual=0.043055m",
      "Coque_1555: max_residual=0.005000m",
      "Coque_1561: max_residual=0.022798m",
      "Coque_1562: max_residual=0.002500m",
      "Coque_1564: max_residual=0.010001m",
      "Coque_1568: max_residual=0.009997m",
      "Coque_1571: max_residual=0.005000m",
      "Coque_1573: max_residual=0.012369m",
      "Coque_1575: max_residual=0.012500m",
      "Coque_1579: max_residual=0.026766m",
      "Coque_1581: max_residual=0.017500m",
      "Coque_1582: max_residual=0.017500m",
      "Coque_1584: max_residual=0.045262m",
      "Coque_1585: max_residual=0.001769m",
      "Coque_1586: max_residual=0.002763m",
      "Coque_1588: max_residual=0.012500m",
      "Coque_1589: max_residual=0.030136m",
      "Coque_1590: max_residual=0.001885m",
      "Coque_1592: max_residual=0.026356m",
      "Coque_1633: max_residual=0.019982m",
      "Coque_1634: max_residual=0.011108m",
      "Coque_1635: max_residual=0.016162m",
      "Coque_1636: max_residual=0.032835m",
      "Coque_1637: max_residual=0.002500m",
      "Coque_1638: max_residual=0.038519m",
      "Coque_1639: max_residual=0.006423m",
      "Coque_1640: max_residual=0.002564m",
      "Coque_1641: max_residual=0.018477m",
      "Coque_1642: max_residual=0.015963m",
      "Coque_1643: max_residual=0.017485m",
      "Coque_1644: max_residual=0.002677m",
      "Coque_1645: max_residual=0.002500m",
      "Coque_1646: max_residual=0.017500m",
      "Coque_1647: max_residual=0.009882m",
      "Coque_1648: max_residual=0.005000m",
      "Coque_1650: max_residual=0.010000m",
      "Coque_1651: max_residual=0.010000m",
      "Coque_1652: max_residual=0.005000m",
      "Coque_1653: max_residual=0.005000m",
      "Coque_1655: max_residual=0.003767m",
      "Coque_1656: max_residual=0.030026m",
      "Coque_1657: max_residual=0.007289m",
      "Coque_1658: max_residual=0.019764m",
      "Coque_1659: max_residual=0.021866m"
    ]
  },
  "warnings": [],
  "skipped_objects": [],
  "mismatched_objects": []
}